file	lines	explicit_module	module_doc	title_only_header	non_instance_declarations	instances	missing_non_instance_docs	missing_instance_docs	explicit_structure_fields	missing_field_docs	sorry_tokens	semantic_review
Algebra.lean	15	1	1	0	0	0	0	0	0	0	0	not certified; see PROJECT_REVIEW.md for reviewed excerpts
Algebra/LinearDependence.lean	89	1	1	0	5	0	0	0	0	0	0	not certified; see PROJECT_REVIEW.md for reviewed excerpts
Analysis.lean	41	1	1	0	0	0	0	0	0	0	0	not certified; see PROJECT_REVIEW.md for reviewed excerpts
Analysis/Connected.lean	73	1	1	0	2	0	0	0	0	0	0	not certified; see PROJECT_REVIEW.md for reviewed excerpts
Analysis/ConvexHullDomain.lean	56	1	1	0	1	0	0	0	0	0	0	not certified; see PROJECT_REVIEW.md for reviewed excerpts
Analysis/Deriv.lean	36	1	1	0	1	0	0	0	0	0	0	not certified; see PROJECT_REVIEW.md for reviewed excerpts
Analysis/GeometricBounds.lean	66	1	1	0	3	0	0	0	0	0	0	not certified; see PROJECT_REVIEW.md for reviewed excerpts
Analysis/Holomorphic/FunctionSpace.lean	154	1	1	0	11	1	0	0	0	0	0	not certified; see PROJECT_REVIEW.md for reviewed excerpts
Analysis/Holomorphic/NormalFamily.lean	173	1	1	0	4	0	0	0	0	0	0	not certified; see PROJECT_REVIEW.md for reviewed excerpts
Analysis/Integral/CompactSupport.lean	66	1	1	0	2	0	0	0	0	0	0	not certified; see PROJECT_REVIEW.md for reviewed excerpts
Analysis/Integral/CurveIntegral.lean	106	1	1	0	6	0	0	0	0	0	0	not certified; see PROJECT_REVIEW.md for reviewed excerpts
Analysis/Integral/CurveIntegral/Bounds.lean	95	1	1	0	5	0	0	0	0	0	0	not certified; see PROJECT_REVIEW.md for reviewed excerpts
Analysis/Integral/CurveIntegral/Improper.lean	91	1	1	0	4	0	0	0	0	0	0	not certified; see PROJECT_REVIEW.md for reviewed excerpts
Analysis/Integral/CurveIntegral/Map.lean	74	1	1	0	2	0	0	0	0	0	0	not certified; see PROJECT_REVIEW.md for reviewed excerpts
Analysis/Integral/Parametric.lean	63	1	1	0	1	0	0	0	0	0	0	not certified; see PROJECT_REVIEW.md for reviewed excerpts
Analysis/Integral/Pi.lean	54	1	1	0	2	0	0	0	0	0	0	not certified; see PROJECT_REVIEW.md for reviewed excerpts
Analysis/Integral/Reciprocal.lean	49	1	1	0	2	0	0	0	0	0	0	not certified; see PROJECT_REVIEW.md for reviewed excerpts
Analysis/Integral/Tail.lean	78	1	1	0	3	0	0	0	0	0	0	not certified; see PROJECT_REVIEW.md for reviewed excerpts
Analysis/LinearFunctional.lean	103	1	1	0	3	0	0	0	0	0	0	not certified; see PROJECT_REVIEW.md for reviewed excerpts
Analysis/OpenMapping.lean	159	1	1	0	3	0	0	0	0	0	0	not certified; see PROJECT_REVIEW.md for reviewed excerpts
Analysis/SpecialFunctions/Gamma.lean	231	1	1	0	7	0	0	0	0	0	0	not certified; see PROJECT_REVIEW.md for reviewed excerpts
Analysis/TaylorBounds.lean	151	1	1	0	3	0	0	0	0	0	0	not certified; see PROJECT_REVIEW.md for reviewed excerpts
Carlson.lean	39	1	1	0	0	0	0	0	0	0	0	not certified; see PROJECT_REVIEW.md for reviewed excerpts
Carlson/Aggregation.lean	60	1	1	0	3	0	0	0	0	0	0	not certified; see PROJECT_REVIEW.md for reviewed excerpts
Carlson/Associated/Shift.lean	67	1	1	0	5	0	0	0	5	0	0	not certified; see PROJECT_REVIEW.md for reviewed excerpts
Carlson/L.lean	28	1	1	0	0	0	0	0	0	0	0	not certified; see PROJECT_REVIEW.md for reviewed excerpts
Carlson/L/Associated.lean	90	1	1	0	5	0	0	0	0	0	0	not certified; see PROJECT_REVIEW.md for reviewed excerpts
Carlson/L/Basic.lean	67	1	1	0	7	0	0	0	0	0	0	not certified; see PROJECT_REVIEW.md for reviewed excerpts
Carlson/L/Continuation.lean	198	1	1	0	16	0	0	0	0	0	0	not certified; see PROJECT_REVIEW.md for reviewed excerpts
Carlson/L/Deriv.lean	110	1	1	0	7	0	0	0	0	0	0	not certified; see PROJECT_REVIEW.md for reviewed excerpts
Carlson/L/EulerPoisson.lean	122	1	1	0	5	0	2	0	0	0	0	not certified; see PROJECT_REVIEW.md for reviewed excerpts
Carlson/L/JointRecurrence.lean	71	1	1	0	2	0	0	0	0	0	0	not certified; see PROJECT_REVIEW.md for reviewed excerpts
Carlson/L/Properties.lean	260	1	1	0	16	0	0	0	0	0	0	not certified; see PROJECT_REVIEW.md for reviewed excerpts
Carlson/L/Relations.lean	103	1	1	0	4	0	0	0	0	0	0	not certified; see PROJECT_REVIEW.md for reviewed excerpts
Carlson/L/Series.lean	92	1	1	0	8	0	0	0	0	0	0	not certified; see PROJECT_REVIEW.md for reviewed excerpts
Carlson/L/SlitDeriv.lean	184	1	1	0	8	0	1	0	0	0	0	not certified; see PROJECT_REVIEW.md for reviewed excerpts
Carlson/L/SlitIntegral.lean	71	1	1	0	5	0	0	0	0	0	0	not certified; see PROJECT_REVIEW.md for reviewed excerpts
Carlson/L/SlitRelations.lean	125	1	1	0	6	0	0	0	0	0	0	not certified; see PROJECT_REVIEW.md for reviewed excerpts
Carlson/R.lean	46	1	1	0	0	0	0	0	0	0	0	not certified; see PROJECT_REVIEW.md for reviewed excerpts
Carlson/R/Associated/ExponentReduction.lean	229	1	1	0	10	0	0	0	0	0	0	not certified; see PROJECT_REVIEW.md for reviewed excerpts
Carlson/R/AssociatedDependence.lean	368	1	1	0	10	1	3	0	0	0	0	not certified; see PROJECT_REVIEW.md for reviewed excerpts
Carlson/R/AssociatedRecurrence.lean	414	1	1	0	16	0	2	0	0	0	0	not certified; see PROJECT_REVIEW.md for reviewed excerpts
Carlson/R/Basic.lean	92	1	1	0	8	0	0	0	0	0	0	not certified; see PROJECT_REVIEW.md for reviewed excerpts
Carlson/R/Confluence.lean	146	1	1	0	6	0	0	0	0	0	0	not certified; see PROJECT_REVIEW.md for reviewed excerpts
Carlson/R/Continuation.lean	98	1	1	0	8	0	0	0	0	0	0	not certified; see PROJECT_REVIEW.md for reviewed excerpts
Carlson/R/ContourKernel.lean	201	1	1	0	8	0	0	0	0	0	0	not certified; see PROJECT_REVIEW.md for reviewed excerpts
Carlson/R/Deriv.lean	189	1	1	0	8	0	0	0	0	0	0	not certified; see PROJECT_REVIEW.md for reviewed excerpts
Carlson/R/EulerPoisson.lean	60	1	1	0	2	0	0	0	0	0	0	not certified; see PROJECT_REVIEW.md for reviewed excerpts
Carlson/R/EulerTransform.lean	170	1	1	0	6	0	2	0	0	0	0	not certified; see PROJECT_REVIEW.md for reviewed excerpts
Carlson/R/Explicit.lean	1036	1	1	0	85	0	25	0	0	0	0	not certified; see PROJECT_REVIEW.md for reviewed excerpts
Carlson/R/Exponent.lean	70	1	1	0	3	0	0	0	0	0	0	not certified; see PROJECT_REVIEW.md for reviewed excerpts
Carlson/R/IntegerParameters.lean	169	1	1	0	5	0	0	0	0	0	0	not certified; see PROJECT_REVIEW.md for reviewed excerpts
Carlson/R/Integral.lean	43	1	1	0	1	0	0	0	0	0	0	not certified; see PROJECT_REVIEW.md for reviewed excerpts
Carlson/R/IntegralEvaluation.lean	182	1	1	0	7	0	0	0	0	0	0	not certified; see PROJECT_REVIEW.md for reviewed excerpts
Carlson/R/JointParameter.lean	57	1	1	0	1	0	0	0	0	0	0	not certified; see PROJECT_REVIEW.md for reviewed excerpts
Carlson/R/JointRecurrence.lean	41	1	1	0	1	0	0	0	0	0	0	not certified; see PROJECT_REVIEW.md for reviewed excerpts
Carlson/R/Laplace.lean	268	1	1	0	13	0	0	0	0	0	0	not certified; see PROJECT_REVIEW.md for reviewed excerpts
Carlson/R/RayKernel.lean	241	1	1	0	12	0	0	0	0	0	0	not certified; see PROJECT_REVIEW.md for reviewed excerpts
Carlson/R/Recurrence/Coefficients.lean	287	1	1	0	13	0	1	0	0	0	0	not certified; see PROJECT_REVIEW.md for reviewed excerpts
Carlson/R/Recurrence/JointCoefficients.lean	109	1	1	0	7	0	1	0	0	0	0	not certified; see PROJECT_REVIEW.md for reviewed excerpts
Carlson/R/Relations.lean	303	1	1	0	13	0	1	0	0	0	0	not certified; see PROJECT_REVIEW.md for reviewed excerpts
Carlson/R/SingleIntegral.lean	14	1	1	0	0	0	0	0	0	0	0	not certified; see PROJECT_REVIEW.md for reviewed excerpts
Carlson/R/SingleIntegral/Analytic.lean	192	1	1	0	8	0	0	0	0	0	0	not certified; see PROJECT_REVIEW.md for reviewed excerpts
Carlson/R/SingleIntegral/PositiveRay.lean	226	1	1	0	9	0	0	0	0	0	0	not certified; see PROJECT_REVIEW.md for reviewed excerpts
Carlson/R/SingleIntegral/Series.lean	299	1	1	0	9	0	0	0	0	0	0	not certified; see PROJECT_REVIEW.md for reviewed excerpts
Carlson/R/SingleIntegral/UnitInterval.lean	129	1	1	0	6	0	0	0	0	0	0	not certified; see PROJECT_REVIEW.md for reviewed excerpts
Carlson/R/SingleIntegralAnalytic.lean	16	1	1	0	0	0	0	0	0	0	0	not certified; see PROJECT_REVIEW.md for reviewed excerpts
Carlson/R/SlitDeriv.lean	193	1	1	0	10	0	1	0	0	0	0	not certified; see PROJECT_REVIEW.md for reviewed excerpts
Carlson/R/SlitIntegral.lean	87	1	1	0	5	0	0	0	0	0	0	not certified; see PROJECT_REVIEW.md for reviewed excerpts
Carlson/R/SlitPlane.lean	91	1	1	0	9	0	0	0	0	0	0	not certified; see PROJECT_REVIEW.md for reviewed excerpts
Carlson/R/SlitRecurrence.lean	93	1	1	0	3	0	0	0	0	0	0	not certified; see PROJECT_REVIEW.md for reviewed excerpts
Carlson/R/SlitRelations.lean	91	1	1	0	3	0	0	0	0	0	0	not certified; see PROJECT_REVIEW.md for reviewed excerpts
Carlson/R/SmallVariable.lean	377	1	1	0	16	0	1	0	0	0	0	not certified; see PROJECT_REVIEW.md for reviewed excerpts
Carlson/R/ZeroParameter.lean	39	1	1	0	1	0	0	0	0	0	0	not certified; see PROJECT_REVIEW.md for reviewed excerpts
Carlson/RPolynomial.lean	22	1	1	0	0	0	0	0	0	0	0	not certified; see PROJECT_REVIEW.md for reviewed excerpts
Carlson/RPolynomial/Basic.lean	122	1	1	0	8	0	0	0	0	0	0	not certified; see PROJECT_REVIEW.md for reviewed excerpts
Carlson/RPolynomial/Binomial.lean	77	1	1	0	2	0	0	0	0	0	0	not certified; see PROJECT_REVIEW.md for reviewed excerpts
Carlson/RPolynomial/Coefficients.lean	292	1	1	0	15	0	0	0	0	0	0	not certified; see PROJECT_REVIEW.md for reviewed excerpts
Carlson/RPolynomial/Differential.lean	160	1	1	0	5	0	0	0	0	0	0	not certified; see PROJECT_REVIEW.md for reviewed excerpts
Carlson/RPolynomial/Estimates.lean	209	1	1	0	4	0	0	0	0	0	0	not certified; see PROJECT_REVIEW.md for reviewed excerpts
Carlson/RPolynomial/Generating.lean	288	1	1	0	9	0	0	0	0	0	0	not certified; see PROJECT_REVIEW.md for reviewed excerpts
Carlson/RPolynomial/PowerSeries.lean	106	1	1	0	5	0	0	0	0	0	0	not certified; see PROJECT_REVIEW.md for reviewed excerpts
Carlson/RPolynomial/SharpEstimates.lean	154	1	1	0	3	0	0	0	0	0	0	not certified; see PROJECT_REVIEW.md for reviewed excerpts
Carlson/RPolynomial/TaylorContinuation.lean	201	1	1	0	9	0	1	0	0	0	0	not certified; see PROJECT_REVIEW.md for reviewed excerpts
Carlson/RPolynomial/Transform.lean	245	1	1	0	10	0	2	0	0	0	0	not certified; see PROJECT_REVIEW.md for reviewed excerpts
Carlson/S.lean	17	1	1	0	0	0	0	0	0	0	0	not certified; see PROJECT_REVIEW.md for reviewed excerpts
Carlson/S/Analytic.lean	161	1	1	0	10	0	0	0	0	0	0	not certified; see PROJECT_REVIEW.md for reviewed excerpts
Carlson/S/Basic.lean	119	1	1	0	9	0	0	0	0	0	0	not certified; see PROJECT_REVIEW.md for reviewed excerpts
Carlson/S/Deriv.lean	85	1	1	0	1	0	0	0	0	0	0	not certified; see PROJECT_REVIEW.md for reviewed excerpts
Carlson/S/Properties.lean	81	1	1	0	4	0	0	0	0	0	0	not certified; see PROJECT_REVIEW.md for reviewed excerpts
Carlson/S/Series.lean	251	1	1	0	19	0	0	0	0	0	0	not certified; see PROJECT_REVIEW.md for reviewed excerpts
Carlson/T.lean	204	1	1	0	16	0	0	0	0	0	0	not certified; see PROJECT_REVIEW.md for reviewed excerpts
Carlson/TwoVariable.lean	34	1	1	0	0	0	0	0	0	0	0	not certified; see PROJECT_REVIEW.md for reviewed excerpts
Carlson/TwoVariable/Associated.lean	14	1	1	0	0	0	0	0	0	0	0	not certified; see PROJECT_REVIEW.md for reviewed excerpts
Carlson/TwoVariable/Basic.lean	51	1	1	0	6	0	0	0	0	0	0	not certified; see PROJECT_REVIEW.md for reviewed excerpts
Carlson/TwoVariable/EqualParameter.lean	254	1	1	0	22	0	2	0	0	0	0	not certified; see PROJECT_REVIEW.md for reviewed excerpts
Carlson/TwoVariable/Inversion.lean	14	1	1	0	0	0	0	0	0	0	0	not certified; see PROJECT_REVIEW.md for reviewed excerpts
Carlson/TwoVariable/L.lean	142	1	1	0	11	0	2	0	0	0	0	not certified; see PROJECT_REVIEW.md for reviewed excerpts
Carlson/TwoVariable/L/Associated.lean	89	1	1	0	4	0	0	0	0	0	0	not certified; see PROJECT_REVIEW.md for reviewed excerpts
Carlson/TwoVariable/L/Inversion.lean	65	1	1	0	2	0	0	0	0	0	0	not certified; see PROJECT_REVIEW.md for reviewed excerpts
Carlson/TwoVariable/LQuadratic.lean	355	1	1	0	24	0	0	0	0	0	0	not certified; see PROJECT_REVIEW.md for reviewed excerpts
Carlson/TwoVariable/ParameterSymmetry.lean	252	1	1	0	8	0	2	0	0	0	0	not certified; see PROJECT_REVIEW.md for reviewed excerpts
Carlson/TwoVariable/PolynomialDifferential.lean	168	1	1	0	7	0	0	0	0	0	0	not certified; see PROJECT_REVIEW.md for reviewed excerpts
Carlson/TwoVariable/Quadratic.lean	15	1	1	0	0	0	0	0	0	0	0	not certified; see PROJECT_REVIEW.md for reviewed excerpts
Carlson/TwoVariable/Quadratic/Geometry.lean	165	1	1	0	10	0	1	0	0	0	0	not certified; see PROJECT_REVIEW.md for reviewed excerpts
Carlson/TwoVariable/Quadratic/Integral.lean	512	1	1	0	14	0	6	0	0	0	0	not certified; see PROJECT_REVIEW.md for reviewed excerpts
Carlson/TwoVariable/Quadratic/Polynomial.lean	271	1	1	0	11	0	4	0	0	0	0	not certified; see PROJECT_REVIEW.md for reviewed excerpts
Carlson/TwoVariable/QuadraticContinuation.lean	143	1	1	0	6	0	0	0	0	0	0	not certified; see PROJECT_REVIEW.md for reviewed excerpts
Carlson/TwoVariable/QuadraticSeries.lean	197	1	1	0	7	0	1	0	0	0	0	not certified; see PROJECT_REVIEW.md for reviewed excerpts
Carlson/TwoVariable/QuadraticSlit.lean	154	1	1	0	7	0	4	0	0	0	0	not certified; see PROJECT_REVIEW.md for reviewed excerpts
Carlson/TwoVariable/R.lean	143	1	1	0	6	0	0	0	0	0	0	not certified; see PROJECT_REVIEW.md for reviewed excerpts
Carlson/TwoVariable/R/Associated.lean	105	1	1	0	5	0	0	0	0	0	0	not certified; see PROJECT_REVIEW.md for reviewed excerpts
Carlson/TwoVariable/R/Basic.lean	35	1	1	0	2	0	0	0	0	0	0	not certified; see PROJECT_REVIEW.md for reviewed excerpts
Carlson/TwoVariable/R/Inversion.lean	83	1	1	0	2	0	1	0	0	0	0	not certified; see PROJECT_REVIEW.md for reviewed excerpts
Carlson/TwoVariable/RPolynomial.lean	222	1	1	0	11	0	0	0	0	0	0	not certified; see PROJECT_REVIEW.md for reviewed excerpts
Carlson/TwoVariable/RPolynomial/Basic.lean	30	1	1	0	1	0	0	0	0	0	0	not certified; see PROJECT_REVIEW.md for reviewed excerpts
Carlson/TwoVariable/S.lean	73	1	1	0	4	0	0	0	0	0	0	not certified; see PROJECT_REVIEW.md for reviewed excerpts
Carlson/TwoVariable/S/Basic.lean	39	1	1	0	3	0	0	0	0	0	0	not certified; see PROJECT_REVIEW.md for reviewed excerpts
Carlson/TwoVariable/T.lean	89	1	1	0	10	0	0	0	0	0	0	not certified; see PROJECT_REVIEW.md for reviewed excerpts
Carlson/ZeroParameter.lean	120	1	1	0	7	0	1	0	0	0	0	not certified; see PROJECT_REVIEW.md for reviewed excerpts
ComplexAnalysis.lean	292	1	1	0	0	0	0	0	0	0	0	not certified; see PROJECT_REVIEW.md for reviewed excerpts
ComplexAnalysis/AnalyticContinuation.lean	145	1	1	0	7	0	0	0	3	0	0	not certified; see PROJECT_REVIEW.md for reviewed excerpts
ComplexAnalysis/AreaTheorem.lean	651	1	1	0	12	0	0	0	0	0	0	not certified; see PROJECT_REVIEW.md for reviewed excerpts
ComplexAnalysis/ArgumentPrinciple.lean	168	1	1	0	4	0	0	0	0	0	0	not certified; see PROJECT_REVIEW.md for reviewed excerpts
ComplexAnalysis/Blaschke.lean	517	1	1	0	26	0	10	0	0	0	0	not certified; see PROJECT_REVIEW.md for reviewed excerpts
ComplexAnalysis/BranchLog.lean	105	1	1	0	7	0	0	0	0	0	0	not certified; see PROJECT_REVIEW.md for reviewed excerpts
ComplexAnalysis/BranchLog/Analytic.lean	91	1	1	0	5	0	0	0	0	0	0	not certified; see PROJECT_REVIEW.md for reviewed excerpts
ComplexAnalysis/BranchLog/Homotopy.lean	80	1	1	0	2	0	0	0	0	0	0	not certified; see PROJECT_REVIEW.md for reviewed excerpts
ComplexAnalysis/CanonicalProduct.lean	156	1	1	0	11	0	3	0	0	0	0	not certified; see PROJECT_REVIEW.md for reviewed excerpts
ComplexAnalysis/CanonicalProduct/Bounds.lean	429	1	1	0	15	0	1	0	0	0	0	not certified; see PROJECT_REVIEW.md for reviewed excerpts
ComplexAnalysis/CanonicalProduct/GoodRadii.lean	112	1	1	0	1	0	0	0	0	0	0	not certified; see PROJECT_REVIEW.md for reviewed excerpts
ComplexAnalysis/CauchyDerivatives.lean	84	1	1	0	2	0	0	0	0	0	0	not certified; see PROJECT_REVIEW.md for reviewed excerpts
ComplexAnalysis/CauchyEstimates.lean	74	1	1	0	2	0	0	0	0	0	0	not certified; see PROJECT_REVIEW.md for reviewed excerpts
ComplexAnalysis/CauchyFormula.lean	131	1	1	0	6	0	0	0	0	0	0	not certified; see PROJECT_REVIEW.md for reviewed excerpts
ComplexAnalysis/CauchyIntegral.lean	136	1	1	0	9	0	0	0	0	0	0	not certified; see PROJECT_REVIEW.md for reviewed excerpts
ComplexAnalysis/CauchyPompeiu.lean	369	1	1	0	26	0	0	0	0	0	0	not certified; see PROJECT_REVIEW.md for reviewed excerpts
ComplexAnalysis/CauchySeries.lean	57	1	1	1	2	0	0	0	0	0	0	not certified; see PROJECT_REVIEW.md for reviewed excerpts
ComplexAnalysis/CauchyTransform.lean	274	1	1	0	13	0	0	0	0	0	0	not certified; see PROJECT_REVIEW.md for reviewed excerpts
ComplexAnalysis/Cayley.lean	208	1	1	0	21	0	14	0	0	0	0	not certified; see PROJECT_REVIEW.md for reviewed excerpts
ComplexAnalysis/ChordalMetric.lean	209	1	1	0	12	0	0	0	0	0	0	not certified; see PROJECT_REVIEW.md for reviewed excerpts
ComplexAnalysis/CircleReflection.lean	376	1	1	0	24	0	0	0	0	0	0	not certified; see PROJECT_REVIEW.md for reviewed excerpts
ComplexAnalysis/CurveIndex.lean	115	1	1	0	10	0	0	0	0	0	0	not certified; see PROJECT_REVIEW.md for reviewed excerpts
ComplexAnalysis/CurveIndex/Continuity.lean	150	1	1	0	9	0	0	0	0	0	0	not certified; see PROJECT_REVIEW.md for reviewed excerpts
ComplexAnalysis/CurveIndex/Homotopy.lean	65	1	1	0	4	0	0	0	0	0	0	not certified; see PROJECT_REVIEW.md for reviewed excerpts
ComplexAnalysis/Cycle.lean	386	1	1	0	57	0	28	0	2	0	0	not certified; see PROJECT_REVIEW.md for reviewed excerpts
ComplexAnalysis/Cycle/ArgumentPrinciple.lean	169	1	1	0	2	0	0	0	0	0	0	not certified; see PROJECT_REVIEW.md for reviewed excerpts
ComplexAnalysis/Cycle/Cauchy.lean	271	1	1	0	6	0	0	0	0	0	0	not certified; see PROJECT_REVIEW.md for reviewed excerpts
ComplexAnalysis/Cycle/Parallelogram.lean	750	1	1	0	39	0	0	0	0	0	0	not certified; see PROJECT_REVIEW.md for reviewed excerpts
ComplexAnalysis/Cycle/Residue.lean	155	1	1	0	1	0	0	0	0	0	0	not certified; see PROJECT_REVIEW.md for reviewed excerpts
ComplexAnalysis/DirichletDisc.lean	411	1	1	0	17	0	3	0	0	0	0	not certified; see PROJECT_REVIEW.md for reviewed excerpts
ComplexAnalysis/DiscAutomorphism.lean	210	1	1	0	4	0	0	0	0	0	0	not certified; see PROJECT_REVIEW.md for reviewed excerpts
ComplexAnalysis/DiscCauchyTransform.lean	234	1	1	0	5	0	0	0	0	0	0	not certified; see PROJECT_REVIEW.md for reviewed excerpts
ComplexAnalysis/DiscMobius.lean	198	1	1	0	23	0	13	0	0	0	0	not certified; see PROJECT_REVIEW.md for reviewed excerpts
ComplexAnalysis/EllipticLiouville.lean	86	1	1	0	2	0	0	0	0	0	0	not certified; see PROJECT_REVIEW.md for reviewed excerpts
ComplexAnalysis/EllipticResidue.lean	451	1	1	0	13	0	0	0	0	0	0	not certified; see PROJECT_REVIEW.md for reviewed excerpts
ComplexAnalysis/EssentialSingularity.lean	121	1	1	0	6	0	0	0	0	0	0	not certified; see PROJECT_REVIEW.md for reviewed excerpts
ComplexAnalysis/ExteriorPath.lean	94	1	1	0	10	0	0	0	0	0	0	not certified; see PROJECT_REVIEW.md for reviewed excerpts
ComplexAnalysis/ExteriorPath/Integral.lean	72	1	1	0	2	0	0	0	0	0	0	not certified; see PROJECT_REVIEW.md for reviewed excerpts
ComplexAnalysis/FiniteOrder.lean	300	1	1	0	6	0	0	0	0	0	0	not certified; see PROJECT_REVIEW.md for reviewed excerpts
ComplexAnalysis/FunctionSpace.lean	41	1	1	0	1	1	0	0	0	0	0	not certified; see PROJECT_REVIEW.md for reviewed excerpts
ComplexAnalysis/GreenFunction.lean	149	1	1	0	2	0	0	0	0	0	0	not certified; see PROJECT_REVIEW.md for reviewed excerpts
ComplexAnalysis/Hadamard.lean	409	1	1	0	6	0	0	0	0	0	0	not certified; see PROJECT_REVIEW.md for reviewed excerpts
ComplexAnalysis/HalfPlane.lean	93	1	1	0	5	0	0	0	0	0	0	not certified; see PROJECT_REVIEW.md for reviewed excerpts
ComplexAnalysis/HarmonicLimit.lean	266	1	1	0	4	0	0	0	0	0	0	not certified; see PROJECT_REVIEW.md for reviewed excerpts
ComplexAnalysis/Harnack.lean	115	1	1	0	6	0	0	0	0	0	0	not certified; see PROJECT_REVIEW.md for reviewed excerpts
ComplexAnalysis/HasPrimitives.lean	127	1	1	0	7	0	0	0	0	0	0	not certified; see PROJECT_REVIEW.md for reviewed excerpts
ComplexAnalysis/HasPrimitives/Pullback.lean	122	1	1	0	3	0	0	0	0	0	0	not certified; see PROJECT_REVIEW.md for reviewed excerpts
ComplexAnalysis/HolomorphicIntegral.lean	210	1	1	0	4	0	0	0	0	0	0	not certified; see PROJECT_REVIEW.md for reviewed excerpts
ComplexAnalysis/HolomorphicInverse.lean	95	1	1	0	6	0	0	0	0	0	0	not certified; see PROJECT_REVIEW.md for reviewed excerpts
ComplexAnalysis/Hurwitz.lean	156	1	1	0	5	0	0	0	0	0	0	not certified; see PROJECT_REVIEW.md for reviewed excerpts
ComplexAnalysis/InfiniteProduct.lean	179	1	1	0	10	0	2	0	0	0	0	not certified; see PROJECT_REVIEW.md for reviewed excerpts
ComplexAnalysis/Injective.lean	98	1	1	0	3	0	0	0	0	0	0	not certified; see PROJECT_REVIEW.md for reviewed excerpts
ComplexAnalysis/Integral/Circle.lean	46	1	1	0	2	0	0	0	0	0	0	not certified; see PROJECT_REVIEW.md for reviewed excerpts
ComplexAnalysis/Integral/CirclePath.lean	130	1	1	0	10	0	0	0	0	0	0	not certified; see PROJECT_REVIEW.md for reviewed excerpts
ComplexAnalysis/Integral/ContinuousHomotopy.lean	169	1	1	0	5	0	0	0	0	0	0	not certified; see PROJECT_REVIEW.md for reviewed excerpts
ComplexAnalysis/Integral/Homotopy.lean	76	1	1	0	2	0	0	0	0	0	0	not certified; see PROJECT_REVIEW.md for reviewed excerpts
ComplexAnalysis/Integral/Map.lean	59	1	1	0	2	0	0	0	0	0	0	not certified; see PROJECT_REVIEW.md for reviewed excerpts
ComplexAnalysis/Koebe.lean	312	1	1	0	5	0	0	0	0	0	0	not certified; see PROJECT_REVIEW.md for reviewed excerpts
ComplexAnalysis/KoebeDistortion.lean	242	1	1	0	3	0	0	0	0	0	0	not certified; see PROJECT_REVIEW.md for reviewed excerpts
ComplexAnalysis/KoebeGrowth.lean	403	1	1	0	8	0	3	0	0	0	0	not certified; see PROJECT_REVIEW.md for reviewed excerpts
ComplexAnalysis/LaurentSeries.lean	17	1	1	0	0	0	0	0	0	0	0	not certified; see PROJECT_REVIEW.md for reviewed excerpts
ComplexAnalysis/LaurentSeries/Annulus.lean	135	1	1	0	4	0	0	0	0	0	0	not certified; see PROJECT_REVIEW.md for reviewed excerpts
ComplexAnalysis/LaurentSeries/Basic.lean	287	1	1	0	12	0	0	0	0	0	0	not certified; see PROJECT_REVIEW.md for reviewed excerpts
ComplexAnalysis/LaurentSeries/Geometry.lean	84	1	1	1	3	0	0	0	0	0	0	not certified; see PROJECT_REVIEW.md for reviewed excerpts
ComplexAnalysis/LocalMapping.lean	171	1	1	0	2	0	0	0	0	0	0	not certified; see PROJECT_REVIEW.md for reviewed excerpts
ComplexAnalysis/LocallyUniform.lean	41	1	1	1	1	0	0	0	0	0	0	not certified; see PROJECT_REVIEW.md for reviewed excerpts
ComplexAnalysis/LogDerivIntegral.lean	99	1	1	0	3	0	0	0	0	0	0	not certified; see PROJECT_REVIEW.md for reviewed excerpts
ComplexAnalysis/MittagLeffler.lean	313	1	1	0	8	0	3	0	0	0	0	not certified; see PROJECT_REVIEW.md for reviewed excerpts
ComplexAnalysis/MobiusGeometry.lean	205	1	1	0	12	0	0	0	0	0	0	not certified; see PROJECT_REVIEW.md for reviewed excerpts
ComplexAnalysis/Montel.lean	59	1	1	0	2	0	0	0	0	0	0	not certified; see PROJECT_REVIEW.md for reviewed excerpts
ComplexAnalysis/NaturalBoundary.lean	253	1	1	0	8	0	2	0	0	0	0	not certified; see PROJECT_REVIEW.md for reviewed excerpts
ComplexAnalysis/PaleyWiener.lean	209	1	1	0	7	0	0	0	0	0	0	not certified; see PROJECT_REVIEW.md for reviewed excerpts
ComplexAnalysis/ParametricIntegral.lean	118	1	1	0	3	0	0	0	0	0	0	not certified; see PROJECT_REVIEW.md for reviewed excerpts
ComplexAnalysis/Parseval.lean	458	1	1	0	19	0	0	0	0	0	0	not certified; see PROJECT_REVIEW.md for reviewed excerpts
ComplexAnalysis/Perron.lean	425	1	1	0	20	0	9	0	3	0	0	not certified; see PROJECT_REVIEW.md for reviewed excerpts
ComplexAnalysis/Perron/Barrier.lean	269	1	1	0	4	0	0	0	5	0	0	not certified; see PROJECT_REVIEW.md for reviewed excerpts
ComplexAnalysis/PolygonIntegral.lean	96	1	1	0	7	0	0	0	0	0	0	not certified; see PROJECT_REVIEW.md for reviewed excerpts
ComplexAnalysis/Pow.lean	63	1	1	0	3	0	0	0	0	0	0	not certified; see PROJECT_REVIEW.md for reviewed excerpts
ComplexAnalysis/PringsheimVivanti.lean	488	1	1	0	6	0	0	0	0	0	0	not certified; see PROJECT_REVIEW.md for reviewed excerpts
ComplexAnalysis/RealUniqueness.lean	59	1	1	1	2	0	0	0	0	0	0	not certified; see PROJECT_REVIEW.md for reviewed excerpts
ComplexAnalysis/Reflection.lean	101	1	1	0	6	0	0	0	0	0	0	not certified; see PROJECT_REVIEW.md for reviewed excerpts
ComplexAnalysis/RemovableLine.lean	117	1	1	0	4	0	0	0	0	0	0	not certified; see PROJECT_REVIEW.md for reviewed excerpts
ComplexAnalysis/RemovableSingularity.lean	91	1	1	0	2	0	0	0	0	0	0	not certified; see PROJECT_REVIEW.md for reviewed excerpts
ComplexAnalysis/Residue.lean	193	1	1	0	15	0	0	0	0	0	0	not certified; see PROJECT_REVIEW.md for reviewed excerpts
ComplexAnalysis/Residue/LogDeriv.lean	62	1	1	0	3	0	0	0	0	0	0	not certified; see PROJECT_REVIEW.md for reviewed excerpts
ComplexAnalysis/Residue/PrincipalPart.lean	149	1	1	0	8	0	0	0	0	0	0	not certified; see PROJECT_REVIEW.md for reviewed excerpts
ComplexAnalysis/ResidueAtInfinity.lean	156	1	1	0	5	0	0	0	0	0	0	not certified; see PROJECT_REVIEW.md for reviewed excerpts
ComplexAnalysis/RiemannMapping.lean	351	1	1	0	6	0	0	0	0	0	0	not certified; see PROJECT_REVIEW.md for reviewed excerpts
ComplexAnalysis/RieszFactorization.lean	849	1	1	0	17	0	1	0	0	0	0	not certified; see PROJECT_REVIEW.md for reviewed excerpts
ComplexAnalysis/Rouche.lean	111	1	1	0	2	0	0	0	0	0	0	not certified; see PROJECT_REVIEW.md for reviewed excerpts
ComplexAnalysis/Runge/Basic.lean	58	1	1	0	1	0	0	0	0	0	0	not certified; see PROJECT_REVIEW.md for reviewed excerpts
ComplexAnalysis/Runge/Cutoff.lean	174	1	1	0	4	0	0	0	0	0	0	not certified; see PROJECT_REVIEW.md for reviewed excerpts
ComplexAnalysis/Runge/Kernel.lean	179	1	1	0	2	0	0	0	0	0	0	not certified; see PROJECT_REVIEW.md for reviewed excerpts
ComplexAnalysis/Runge/OpenSet.lean	250	1	1	0	11	0	4	0	0	0	0	not certified; see PROJECT_REVIEW.md for reviewed excerpts
ComplexAnalysis/Runge/PolePushing.lean	346	1	1	0	13	0	6	0	0	0	0	not certified; see PROJECT_REVIEW.md for reviewed excerpts
ComplexAnalysis/Runge/Theorem.lean	127	1	1	0	4	0	0	0	0	0	0	not certified; see PROJECT_REVIEW.md for reviewed excerpts
ComplexAnalysis/SchwarzPick.lean	151	1	1	0	7	0	3	0	0	0	0	not certified; see PROJECT_REVIEW.md for reviewed excerpts
ComplexAnalysis/SokhotskiPlemelj.lean	328	1	1	0	12	0	0	0	0	0	0	not certified; see PROJECT_REVIEW.md for reviewed excerpts
ComplexAnalysis/SphericalDerivative.lean	66	1	1	0	3	0	0	0	0	0	0	not certified; see PROJECT_REVIEW.md for reviewed excerpts
ComplexAnalysis/Subharmonic.lean	19	1	1	0	0	0	0	0	0	0	0	not certified; see PROJECT_REVIEW.md for reviewed excerpts
ComplexAnalysis/Subharmonic/Basic.lean	387	1	1	0	26	0	0	0	0	0	0	not certified; see PROJECT_REVIEW.md for reviewed excerpts
ComplexAnalysis/Subharmonic/Convex.lean	71	1	1	1	2	0	0	0	0	0	0	not certified; see PROJECT_REVIEW.md for reviewed excerpts
ComplexAnalysis/Subharmonic/Majorant.lean	204	1	1	0	5	0	0	0	0	0	0	not certified; see PROJECT_REVIEW.md for reviewed excerpts
ComplexAnalysis/Subharmonic/SmoothCriterion.lean	346	1	1	0	16	0	0	0	0	0	0	not certified; see PROJECT_REVIEW.md for reviewed excerpts
ComplexAnalysis/Subharmonic/Submean.lean	153	1	1	0	5	0	0	0	0	0	0	not certified; see PROJECT_REVIEW.md for reviewed excerpts
ComplexAnalysis/ThreeCircles.lean	184	1	1	0	2	0	0	0	0	0	0	not certified; see PROJECT_REVIEW.md for reviewed excerpts
ComplexAnalysis/UnivalentDisk.lean	30	1	1	0	0	0	0	0	0	0	0	not certified; see PROJECT_REVIEW.md for reviewed excerpts
ComplexAnalysis/UnivalentDisk/CauchyFormula.lean	80	1	1	0	2	0	0	0	0	0	0	not certified; see PROJECT_REVIEW.md for reviewed excerpts
ComplexAnalysis/UnivalentDisk/Exhaustion.lean	96	1	1	0	2	0	0	0	0	0	0	not certified; see PROJECT_REVIEW.md for reviewed excerpts
ComplexAnalysis/UnivalentDisk/Geometry.lean	143	1	1	0	10	0	0	0	0	0	0	not certified; see PROJECT_REVIEW.md for reviewed excerpts
ComplexAnalysis/UnivalentDisk/Index.lean	126	1	1	0	4	0	0	0	0	0	0	not certified; see PROJECT_REVIEW.md for reviewed excerpts
ComplexAnalysis/UnivalentDisk/Separation.lean	106	1	1	0	4	0	0	0	0	0	0	not certified; see PROJECT_REVIEW.md for reviewed excerpts
ComplexAnalysis/Vitali.lean	79	1	1	0	2	0	0	0	0	0	0	not certified; see PROJECT_REVIEW.md for reviewed excerpts
ComplexAnalysis/WeierstrassFactor.lean	238	1	1	0	15	0	6	0	0	0	0	not certified; see PROJECT_REVIEW.md for reviewed excerpts
ComplexAnalysis/WeierstrassProduct.lean	298	1	1	0	12	0	2	0	0	0	0	not certified; see PROJECT_REVIEW.md for reviewed excerpts
ComplexAnalysis/ZeroPersistence.lean	96	1	1	0	2	0	0	0	0	0	0	not certified; see PROJECT_REVIEW.md for reviewed excerpts
Dirichlet.lean	55	1	1	0	0	0	0	0	0	0	0	not certified; see PROJECT_REVIEW.md for reviewed excerpts
Dirichlet/Average.lean	28	1	1	0	0	0	0	0	0	0	0	not certified; see PROJECT_REVIEW.md for reviewed excerpts
Dirichlet/Average/Aggregation.lean	67	1	1	0	3	0	0	0	0	0	0	not certified; see PROJECT_REVIEW.md for reviewed excerpts
Dirichlet/Average/Associated.lean	16	1	1	0	0	0	0	0	0	0	0	not certified; see PROJECT_REVIEW.md for reviewed excerpts
Dirichlet/Average/Associated/Analytic.lean	72	1	1	0	3	0	0	0	0	0	0	not certified; see PROJECT_REVIEW.md for reviewed excerpts
Dirichlet/Average/Associated/Deriv.lean	419	1	1	0	16	0	0	0	0	0	0	not certified; see PROJECT_REVIEW.md for reviewed excerpts
Dirichlet/Average/Associated/Relations.lean	66	1	1	0	2	0	0	0	0	0	0	not certified; see PROJECT_REVIEW.md for reviewed excerpts
Dirichlet/Average/Basic.lean	215	1	1	0	20	0	0	0	0	0	0	not certified; see PROJECT_REVIEW.md for reviewed excerpts
Dirichlet/Average/Bridge.lean	37	1	1	0	1	0	0	0	0	0	0	not certified; see PROJECT_REVIEW.md for reviewed excerpts
Dirichlet/Average/Cauchy.lean	277	1	1	0	17	0	0	0	0	0	0	not certified; see PROJECT_REVIEW.md for reviewed excerpts
Dirichlet/Average/CauchyContinuation.lean	143	1	1	0	8	0	0	0	0	0	0	not certified; see PROJECT_REVIEW.md for reviewed excerpts
Dirichlet/Average/Continuation.lean	120	1	1	0	8	0	0	0	0	0	0	not certified; see PROJECT_REVIEW.md for reviewed excerpts
Dirichlet/Average/ContinuedRelations.lean	196	1	1	0	7	0	0	0	0	0	0	not certified; see PROJECT_REVIEW.md for reviewed excerpts
Dirichlet/Average/Deriv.lean	196	1	1	0	6	0	3	0	0	0	0	not certified; see PROJECT_REVIEW.md for reviewed excerpts
Dirichlet/Average/DifferentialOperators.lean	261	1	1	0	19	0	0	0	0	0	0	not certified; see PROJECT_REVIEW.md for reviewed excerpts
Dirichlet/Average/HolomorphicDomain.lean	157	1	1	0	7	0	0	0	0	0	0	not certified; see PROJECT_REVIEW.md for reviewed excerpts
Dirichlet/Average/IntegralDomain.lean	185	1	1	0	12	0	0	0	0	0	0	not certified; see PROJECT_REVIEW.md for reviewed excerpts
Dirichlet/Average/JointContinuation.lean	74	1	1	0	3	0	0	0	0	0	0	not certified; see PROJECT_REVIEW.md for reviewed excerpts
Dirichlet/Average/Kernel.lean	178	1	1	0	14	0	0	0	0	0	0	not certified; see PROJECT_REVIEW.md for reviewed excerpts
Dirichlet/Average/KernelAnalytic.lean	63	1	1	0	4	0	0	0	0	0	0	not certified; see PROJECT_REVIEW.md for reviewed excerpts
Dirichlet/Average/NewtonTaylor.lean	212	1	1	0	18	0	0	0	0	0	0	not certified; see PROJECT_REVIEW.md for reviewed excerpts
Dirichlet/Average/PowerSeries.lean	54	1	1	0	1	0	0	0	0	0	0	not certified; see PROJECT_REVIEW.md for reviewed excerpts
Dirichlet/Average/Real.lean	41	1	1	0	2	0	0	0	0	0	0	not certified; see PROJECT_REVIEW.md for reviewed excerpts
Dirichlet/Average/ResolventContinuation.lean	139	1	1	0	9	0	0	0	0	0	0	not certified; see PROJECT_REVIEW.md for reviewed excerpts
Dirichlet/Beta/Complex.lean	17	1	1	0	0	0	0	0	0	0	0	not certified; see PROJECT_REVIEW.md for reviewed excerpts
Dirichlet/Beta/Complex/Basic.lean	165	1	1	0	11	0	0	0	0	0	0	not certified; see PROJECT_REVIEW.md for reviewed excerpts
Dirichlet/Beta/Complex/Integral.lean	506	1	1	0	19	0	1	0	0	0	0	not certified; see PROJECT_REVIEW.md for reviewed excerpts
Dirichlet/Beta/Real.lean	50	1	1	0	3	0	0	0	0	0	0	not certified; see PROJECT_REVIEW.md for reviewed excerpts
Dirichlet/Bridge.lean	123	1	1	0	6	0	0	0	0	0	0	not certified; see PROJECT_REVIEW.md for reviewed excerpts
Dirichlet/Complex.lean	203	1	1	0	14	0	0	0	0	0	0	not certified; see PROJECT_REVIEW.md for reviewed excerpts
Dirichlet/Complex/Analytic.lean	242	1	1	0	9	0	0	0	0	0	0	not certified; see PROJECT_REVIEW.md for reviewed excerpts
Dirichlet/Complex/Parametric.lean	191	1	1	0	5	0	0	0	0	0	0	not certified; see PROJECT_REVIEW.md for reviewed excerpts
Dirichlet/Gamma.lean	234	1	1	0	10	0	0	0	0	0	0	not certified; see PROJECT_REVIEW.md for reviewed excerpts
Dirichlet/Integral/Complex.lean	343	1	1	0	8	0	0	0	0	0	0	not certified; see PROJECT_REVIEW.md for reviewed excerpts
Dirichlet/Integral/Real.lean	254	1	1	0	8	0	0	0	0	0	0	not certified; see PROJECT_REVIEW.md for reviewed excerpts
Dirichlet/IntegrationByParts.lean	211	1	1	0	10	0	0	0	0	0	0	not certified; see PROJECT_REVIEW.md for reviewed excerpts
Dirichlet/Moments.lean	14	1	1	0	0	0	0	0	0	0	0	not certified; see PROJECT_REVIEW.md for reviewed excerpts
Dirichlet/ParameterShift.lean	135	1	1	0	7	0	0	0	0	0	0	not certified; see PROJECT_REVIEW.md for reviewed excerpts
Dirichlet/Polynomial.lean	231	1	1	1	13	0	0	0	0	0	0	not certified; see PROJECT_REVIEW.md for reviewed excerpts
Dirichlet/Real.lean	346	1	1	0	21	0	0	0	0	0	0	not certified; see PROJECT_REVIEW.md for reviewed excerpts
Dirichlet/Real/Aggregation.lean	245	1	1	0	8	0	0	0	0	0	0	not certified; see PROJECT_REVIEW.md for reviewed excerpts
Dirichlet/Real/Marginals.lean	179	1	1	0	7	0	0	0	0	0	0	not certified; see PROJECT_REVIEW.md for reviewed excerpts
Dirichlet/Real/Moments.lean	308	1	1	0	7	0	0	0	0	0	0	not certified; see PROJECT_REVIEW.md for reviewed excerpts
Dirichlet/Transform.lean	610	1	1	0	27	0	2	0	0	0	0	not certified; see PROJECT_REVIEW.md for reviewed excerpts
Dirichlet/Transform/Aggregation.lean	82	1	1	0	3	0	0	0	0	0	0	not certified; see PROJECT_REVIEW.md for reviewed excerpts
Dirichlet/Transform/Basic.lean	226	1	1	0	27	0	0	0	0	0	0	not certified; see PROJECT_REVIEW.md for reviewed excerpts
Dirichlet/Transform/Euler.lean	99	1	1	0	5	0	0	0	0	0	0	not certified; see PROJECT_REVIEW.md for reviewed excerpts
Dirichlet/Transform/Joint.lean	160	1	1	0	10	0	0	0	0	0	0	not certified; see PROJECT_REVIEW.md for reviewed excerpts
Dirichlet/Transform/Laws.lean	172	1	1	0	9	0	0	0	0	0	0	not certified; see PROJECT_REVIEW.md for reviewed excerpts
Dirichlet/Transform/Parametric.lean	305	1	1	0	9	0	0	0	0	0	0	not certified; see PROJECT_REVIEW.md for reviewed excerpts
Dirichlet/Transform/Series.lean	97	1	1	0	2	0	0	0	0	0	0	not certified; see PROJECT_REVIEW.md for reviewed excerpts
Main.lean	18	1	1	1	0	0	0	0	0	0	0	not certified; see PROJECT_REVIEW.md for reviewed excerpts
Pochhammer.lean	25	1	1	0	0	0	0	0	0	0	0	not certified; see PROJECT_REVIEW.md for reviewed excerpts
Pochhammer/BetaIntegral.lean	255	1	1	0	8	0	0	0	0	0	0	not certified; see PROJECT_REVIEW.md for reviewed excerpts
Pochhammer/BinomialSeries.lean	76	1	1	0	3	0	0	0	0	0	0	not certified; see PROJECT_REVIEW.md for reviewed excerpts
Pochhammer/ComplexPowMeasurable.lean	32	1	1	0	1	0	0	0	0	0	0	not certified; see PROJECT_REVIEW.md for reviewed excerpts
Pochhammer/Estimates.lean	97	1	1	1	5	0	0	0	0	0	0	not certified; see PROJECT_REVIEW.md for reviewed excerpts
Pochhammer/Gamma.lean	188	1	1	0	10	0	0	0	0	0	0	not certified; see PROJECT_REVIEW.md for reviewed excerpts
Pochhammer/Identities.lean	81	1	1	0	5	0	0	0	0	0	0	not certified; see PROJECT_REVIEW.md for reviewed excerpts
Pochhammer/IncompleteMellin.lean	621	1	1	0	24	0	0	0	0	0	0	not certified; see PROJECT_REVIEW.md for reviewed excerpts
Pochhammer/PochhammerTransform.lean	427	1	1	0	27	0	6	0	0	0	0	not certified; see PROJECT_REVIEW.md for reviewed excerpts
Pochhammer/PositiveCpow.lean	102	1	1	1	6	0	0	0	0	0	0	not certified; see PROJECT_REVIEW.md for reviewed excerpts
Pochhammer/Vandermonde.lean	121	1	1	0	4	0	0	0	0	0	0	not certified; see PROJECT_REVIEW.md for reviewed excerpts
SeveralComplexVariables.lean	221	1	1	0	0	0	0	0	0	0	0	not certified; see PROJECT_REVIEW.md for reviewed excerpts
SeveralComplexVariables/AnalyticGerm.lean	344	1	1	0	32	4	0	0	0	0	0	not certified; see PROJECT_REVIEW.md for reviewed excerpts
SeveralComplexVariables/AnalyticGerm/CoefficientPolynomial.lean	236	1	1	0	16	0	0	0	0	0	0	not certified; see PROJECT_REVIEW.md for reviewed excerpts
SeveralComplexVariables/AnalyticGerm/CoordinateChange.lean	268	1	1	0	15	0	0	0	0	0	0	not certified; see PROJECT_REVIEW.md for reviewed excerpts
SeveralComplexVariables/AnalyticGerm/Elimination.lean	127	1	1	0	4	0	0	0	0	0	0	not certified; see PROJECT_REVIEW.md for reviewed excerpts
SeveralComplexVariables/AnalyticGerm/Factorization.lean	122	1	1	0	6	1	0	0	0	0	0	not certified; see PROJECT_REVIEW.md for reviewed excerpts
SeveralComplexVariables/AnalyticGerm/Fiber.lean	133	1	1	0	8	0	0	0	0	0	0	not certified; see PROJECT_REVIEW.md for reviewed excerpts
SeveralComplexVariables/AnalyticGerm/IntrinsicOrder.lean	140	1	1	0	12	0	0	0	0	0	0	not certified; see PROJECT_REVIEW.md for reviewed excerpts
SeveralComplexVariables/AnalyticGerm/Noetherian.lean	234	1	1	0	5	1	0	0	0	0	0	not certified; see PROJECT_REVIEW.md for reviewed excerpts
SeveralComplexVariables/AnalyticGerm/Order.lean	722	1	1	0	32	0	0	0	0	0	0	not certified; see PROJECT_REVIEW.md for reviewed excerpts
SeveralComplexVariables/AnalyticGerm/Polynomial.lean	218	1	1	0	12	0	0	0	0	0	0	not certified; see PROJECT_REVIEW.md for reviewed excerpts
SeveralComplexVariables/AnalyticGerm/RelativePrimality.lean	185	1	1	0	5	0	0	0	0	0	0	not certified; see PROJECT_REVIEW.md for reviewed excerpts
SeveralComplexVariables/AnalyticGerm/Units.lean	63	1	1	0	2	0	0	0	0	0	0	not certified; see PROJECT_REVIEW.md for reviewed excerpts
SeveralComplexVariables/AnalyticGerm/Weierstrass.lean	422	1	1	0	9	0	0	0	0	0	0	not certified; see PROJECT_REVIEW.md for reviewed excerpts
SeveralComplexVariables/AnalyticSet/Basic.lean	247	1	1	0	15	0	0	0	0	0	0	not certified; see PROJECT_REVIEW.md for reviewed excerpts
SeveralComplexVariables/AnalyticSet/Codimension.lean	173	1	1	0	13	0	0	0	0	0	0	not certified; see PROJECT_REVIEW.md for reviewed excerpts
SeveralComplexVariables/AnalyticSet/CoordinatePlane.lean	135	1	1	0	4	0	0	0	0	0	0	not certified; see PROJECT_REVIEW.md for reviewed excerpts
SeveralComplexVariables/AnalyticSet/FunctionSpace.lean	75	1	1	0	2	0	0	0	0	0	0	not certified; see PROJECT_REVIEW.md for reviewed excerpts
SeveralComplexVariables/AnalyticSet/Hartogs.lean	198	1	1	0	6	0	0	0	0	0	0	not certified; see PROJECT_REVIEW.md for reviewed excerpts
SeveralComplexVariables/AnalyticSet/Holomorphic.lean	72	1	1	0	2	0	0	0	0	0	0	not certified; see PROJECT_REVIEW.md for reviewed excerpts
SeveralComplexVariables/AnalyticSet/Regular.lean	295	1	1	0	16	0	0	0	0	0	0	not certified; see PROJECT_REVIEW.md for reviewed excerpts
SeveralComplexVariables/AnalyticSet/Removable.lean	136	1	1	0	7	0	0	0	0	0	0	not certified; see PROJECT_REVIEW.md for reviewed excerpts
SeveralComplexVariables/Analyticity.lean	104	1	1	0	5	0	0	0	0	0	0	not certified; see PROJECT_REVIEW.md for reviewed excerpts
SeveralComplexVariables/BallAutomorphisms.lean	383	1	1	0	18	0	0	0	0	0	0	not certified; see PROJECT_REVIEW.md for reviewed excerpts
SeveralComplexVariables/Biholomorphic.lean	295	1	1	0	26	0	0	0	0	0	0	not certified; see PROJECT_REVIEW.md for reviewed excerpts
SeveralComplexVariables/BiholomorphicRigidity.lean	175	1	1	0	4	0	0	0	0	0	0	not certified; see PROJECT_REVIEW.md for reviewed excerpts
SeveralComplexVariables/CartanThullen.lean	287	1	1	0	10	2	0	0	0	0	0	not certified; see PROJECT_REVIEW.md for reviewed excerpts
SeveralComplexVariables/CartanUniqueness.lean	123	1	1	0	1	0	0	0	0	0	0	not certified; see PROJECT_REVIEW.md for reviewed excerpts
SeveralComplexVariables/CauchyCoefficients.lean	325	1	1	0	17	0	0	0	0	0	0	not certified; see PROJECT_REVIEW.md for reviewed excerpts
SeveralComplexVariables/CauchyEstimates.lean	69	1	1	0	3	0	0	0	0	0	0	not certified; see PROJECT_REVIEW.md for reviewed excerpts
SeveralComplexVariables/CauchyIntegral.lean	202	1	1	0	6	0	0	0	0	0	0	not certified; see PROJECT_REVIEW.md for reviewed excerpts
SeveralComplexVariables/CauchyRiemann.lean	128	1	1	0	6	0	0	0	0	0	0	not certified; see PROJECT_REVIEW.md for reviewed excerpts
SeveralComplexVariables/CauchySeries.lean	677	1	1	0	25	0	0	0	0	0	0	not certified; see PROJECT_REVIEW.md for reviewed excerpts
SeveralComplexVariables/Circular.lean	119	1	1	0	13	0	0	0	0	0	0	not certified; see PROJECT_REVIEW.md for reviewed excerpts
SeveralComplexVariables/CircularContinuation.lean	236	1	1	0	10	0	0	0	0	0	0	not certified; see PROJECT_REVIEW.md for reviewed excerpts
SeveralComplexVariables/CommonExtension.lean	137	1	1	0	9	0	0	0	0	0	0	not certified; see PROJECT_REVIEW.md for reviewed excerpts
SeveralComplexVariables/CompactHole.lean	372	1	1	0	19	0	0	0	11	0	0	not certified; see PROJECT_REVIEW.md for reviewed excerpts
SeveralComplexVariables/ContourIntegral.lean	121	1	1	0	3	0	0	0	0	0	0	not certified; see PROJECT_REVIEW.md for reviewed excerpts
SeveralComplexVariables/Derivatives.lean	427	1	1	0	32	0	0	0	0	0	0	not certified; see PROJECT_REVIEW.md for reviewed excerpts
SeveralComplexVariables/DomainOfHolomorphy.lean	220	1	1	0	14	0	0	0	0	0	0	not certified; see PROJECT_REVIEW.md for reviewed excerpts
SeveralComplexVariables/DominatedIntegral.lean	84	1	1	0	1	0	0	0	0	0	0	not certified; see PROJECT_REVIEW.md for reviewed excerpts
SeveralComplexVariables/FunctionSpace.lean	78	1	1	0	3	1	0	0	0	0	0	not certified; see PROJECT_REVIEW.md for reviewed excerpts
SeveralComplexVariables/FunctionSpace/Extension.lean	210	1	1	0	12	0	0	0	0	0	0	not certified; see PROJECT_REVIEW.md for reviewed excerpts
SeveralComplexVariables/HartogsContinuation.lean	123	1	1	0	2	0	0	0	0	0	0	not certified; see PROJECT_REVIEW.md for reviewed excerpts
SeveralComplexVariables/HartogsDomain.lean	258	1	1	0	33	0	0	0	0	0	0	not certified; see PROJECT_REVIEW.md for reviewed excerpts
SeveralComplexVariables/HartogsExtension.lean	187	1	1	0	9	0	0	0	0	0	0	not certified; see PROJECT_REVIEW.md for reviewed excerpts
SeveralComplexVariables/HartogsLaurent.lean	212	1	1	0	7	0	0	0	0	0	0	not certified; see PROJECT_REVIEW.md for reviewed excerpts
SeveralComplexVariables/HartogsSeries.lean	300	1	1	0	11	0	0	0	0	0	0	not certified; see PROJECT_REVIEW.md for reviewed excerpts
SeveralComplexVariables/HolomorphicConvexity/BoundaryDistance.lean	127	1	1	0	11	0	0	0	0	0	0	not certified; see PROJECT_REVIEW.md for reviewed excerpts
SeveralComplexVariables/HolomorphicConvexity/Exhaustion.lean	261	1	1	0	5	2	0	0	0	0	0	not certified; see PROJECT_REVIEW.md for reviewed excerpts
SeveralComplexVariables/HolomorphicConvexity/Hull.lean	264	1	1	0	24	0	0	0	0	0	0	not certified; see PROJECT_REVIEW.md for reviewed excerpts
SeveralComplexVariables/HolomorphicConvexity/Thullen.lean	326	1	1	0	14	0	0	0	0	0	0	not certified; see PROJECT_REVIEW.md for reviewed excerpts
SeveralComplexVariables/HolomorphicConvexity/Transport.lean	113	1	1	0	4	0	0	0	0	0	0	not certified; see PROJECT_REVIEW.md for reviewed excerpts
SeveralComplexVariables/HolomorphicLp.lean	241	1	1	0	9	1	0	0	0	0	0	not certified; see PROJECT_REVIEW.md for reviewed excerpts
SeveralComplexVariables/IdentityPrinciple.lean	74	1	1	0	3	0	0	0	0	0	0	not certified; see PROJECT_REVIEW.md for reviewed excerpts
SeveralComplexVariables/ImplicitGraph.lean	54	1	1	0	1	0	0	0	0	0	0	not certified; see PROJECT_REVIEW.md for reviewed excerpts
SeveralComplexVariables/ImplicitMapping.lean	150	1	1	0	4	0	0	0	0	0	0	not certified; see PROJECT_REVIEW.md for reviewed excerpts
SeveralComplexVariables/InjectiveMapping.lean	142	1	1	0	4	0	0	0	0	0	0	not certified; see PROJECT_REVIEW.md for reviewed excerpts
SeveralComplexVariables/InjectiveMapping/CorankOne.lean	194	1	1	0	4	0	0	0	0	0	0	not certified; see PROJECT_REVIEW.md for reviewed excerpts
SeveralComplexVariables/InjectiveMapping/CriticalSet.lean	124	1	1	0	3	0	0	0	0	0	0	not certified; see PROJECT_REVIEW.md for reviewed excerpts
SeveralComplexVariables/InjectiveMapping/Immersion.lean	192	1	1	0	5	0	0	0	0	0	0	not certified; see PROJECT_REVIEW.md for reviewed excerpts
SeveralComplexVariables/IsolatedSingularity.lean	100	1	1	0	1	0	0	0	0	0	0	not certified; see PROJECT_REVIEW.md for reviewed excerpts
SeveralComplexVariables/LaurentApproximation.lean	224	1	1	0	4	0	0	0	0	0	0	not certified; see PROJECT_REVIEW.md for reviewed excerpts
SeveralComplexVariables/LaurentSeries.lean	95	1	1	0	3	0	0	0	0	0	0	not certified; see PROJECT_REVIEW.md for reviewed excerpts
SeveralComplexVariables/LaurentSeries/Basic.lean	214	1	1	0	14	0	0	0	0	0	0	not certified; see PROJECT_REVIEW.md for reviewed excerpts
SeveralComplexVariables/LaurentSeries/Coefficients.lean	112	1	1	0	3	0	0	0	0	0	0	not certified; see PROJECT_REVIEW.md for reviewed excerpts
SeveralComplexVariables/LaurentSeries/Convergence.lean	227	1	1	0	8	0	0	0	0	0	0	not certified; see PROJECT_REVIEW.md for reviewed excerpts
SeveralComplexVariables/LaurentSeries/Iterated.lean	97	1	1	0	2	0	0	0	0	0	0	not certified; see PROJECT_REVIEW.md for reviewed excerpts
SeveralComplexVariables/LaurentSeries/Neighborhoods.lean	56	1	1	0	1	0	0	0	0	0	0	not certified; see PROJECT_REVIEW.md for reviewed excerpts
SeveralComplexVariables/LaurentSeries/OneVariable.lean	42	1	1	0	1	0	0	0	0	0	0	not certified; see PROJECT_REVIEW.md for reviewed excerpts
SeveralComplexVariables/LaurentSeries/ProductCoefficients.lean	157	1	1	0	5	0	0	0	0	0	0	not certified; see PROJECT_REVIEW.md for reviewed excerpts
SeveralComplexVariables/LaurentSeries/ProductExpansion.lean	126	1	1	0	3	0	0	0	0	0	0	not certified; see PROJECT_REVIEW.md for reviewed excerpts
SeveralComplexVariables/LaurentSeries/Uniqueness.lean	106	1	1	0	3	0	0	0	0	0	0	not certified; see PROJECT_REVIEW.md for reviewed excerpts
SeveralComplexVariables/LeviConvexity.lean	272	1	1	0	17	0	0	0	6	0	0	not certified; see PROJECT_REVIEW.md for reviewed excerpts
SeveralComplexVariables/LeviConvexity/Independence.lean	317	1	1	0	8	0	0	0	0	0	0	not certified; see PROJECT_REVIEW.md for reviewed excerpts
SeveralComplexVariables/LeviConvexity/Invariance.lean	120	1	1	0	4	0	0	0	0	0	0	not certified; see PROJECT_REVIEW.md for reviewed excerpts
SeveralComplexVariables/LeviConvexity/Necessity.lean	569	1	1	0	17	0	0	0	0	0	0	not certified; see PROJECT_REVIEW.md for reviewed excerpts
SeveralComplexVariables/LeviConvexity/Peak.lean	496	1	1	0	17	0	0	0	0	0	0	not certified; see PROJECT_REVIEW.md for reviewed excerpts
SeveralComplexVariables/LeviForm.lean	147	1	1	0	8	0	0	0	0	0	0	not certified; see PROJECT_REVIEW.md for reviewed excerpts
SeveralComplexVariables/LeviForm/Holomorphic.lean	121	1	1	0	3	0	0	0	0	0	0	not certified; see PROJECT_REVIEW.md for reviewed excerpts
SeveralComplexVariables/LocallyBounded.lean	160	1	1	0	5	0	0	0	0	0	0	not certified; see PROJECT_REVIEW.md for reviewed excerpts
SeveralComplexVariables/LocallyUniform.lean	276	1	1	0	11	0	0	0	0	0	0	not certified; see PROJECT_REVIEW.md for reviewed excerpts
SeveralComplexVariables/MaximumModulus.lean	68	1	1	0	2	0	0	0	0	0	0	not certified; see PROJECT_REVIEW.md for reviewed excerpts
SeveralComplexVariables/Montel.lean	157	1	1	0	5	0	0	0	0	0	0	not certified; see PROJECT_REVIEW.md for reviewed excerpts
SeveralComplexVariables/Osgood.lean	114	1	1	0	2	0	0	0	0	0	0	not certified; see PROJECT_REVIEW.md for reviewed excerpts
SeveralComplexVariables/ParametricIntegral.lean	56	1	1	0	1	0	0	0	0	0	0	not certified; see PROJECT_REVIEW.md for reviewed excerpts
SeveralComplexVariables/Plurisubharmonic.lean	206	1	1	0	19	0	0	0	0	0	0	not certified; see PROJECT_REVIEW.md for reviewed excerpts
SeveralComplexVariables/Polydisc.lean	230	1	1	0	25	0	0	0	0	0	0	not certified; see PROJECT_REVIEW.md for reviewed excerpts
SeveralComplexVariables/PolydiscMeanValue.lean	184	1	1	0	4	0	0	0	0	0	0	not certified; see PROJECT_REVIEW.md for reviewed excerpts
SeveralComplexVariables/PolydiscTaylor.lean	332	1	1	0	12	0	0	0	0	0	0	not certified; see PROJECT_REVIEW.md for reviewed excerpts
SeveralComplexVariables/Polynomial/OfFn.lean	70	1	1	0	4	0	0	0	0	0	0	not certified; see PROJECT_REVIEW.md for reviewed excerpts
SeveralComplexVariables/PolynomialDerivatives.lean	49	1	1	0	2	0	0	0	0	0	0	not certified; see PROJECT_REVIEW.md for reviewed excerpts
SeveralComplexVariables/PowerSeriesConvergence.lean	125	1	1	0	4	0	0	0	0	0	0	not certified; see PROJECT_REVIEW.md for reviewed excerpts
SeveralComplexVariables/PowerSeriesConvergence/Analytic.lean	146	1	1	0	8	0	0	0	0	0	0	not certified; see PROJECT_REVIEW.md for reviewed excerpts
SeveralComplexVariables/PowerSeriesConvergence/Basic.lean	190	1	1	0	16	0	0	0	0	0	0	not certified; see PROJECT_REVIEW.md for reviewed excerpts
SeveralComplexVariables/Pseudoconvexity.lean	664	1	1	0	25	0	0	0	0	0	0	not certified; see PROJECT_REVIEW.md for reviewed excerpts
SeveralComplexVariables/RealUniqueness.lean	90	1	1	0	1	0	0	0	0	0	0	not certified; see PROJECT_REVIEW.md for reviewed excerpts
SeveralComplexVariables/Reindex.lean	88	1	1	0	3	0	0	0	0	0	0	not certified; see PROJECT_REVIEW.md for reviewed excerpts
SeveralComplexVariables/Reinhardt.lean	293	1	1	0	31	0	0	0	0	0	0	not certified; see PROJECT_REVIEW.md for reviewed excerpts
SeveralComplexVariables/Reinhardt/Extension.lean	260	1	1	0	9	0	0	0	0	0	0	not certified; see PROJECT_REVIEW.md for reviewed excerpts
SeveralComplexVariables/Reinhardt/GeometricConvexity.lean	268	1	1	0	27	0	0	0	0	0	0	not certified; see PROJECT_REVIEW.md for reviewed excerpts
SeveralComplexVariables/Reinhardt/HolomorphicConvexity.lean	101	1	1	0	2	0	0	0	0	0	0	not certified; see PROJECT_REVIEW.md for reviewed excerpts
SeveralComplexVariables/Reinhardt/Hull.lean	235	1	1	0	21	0	0	0	0	0	0	not certified; see PROJECT_REVIEW.md for reviewed excerpts
SeveralComplexVariables/Reinhardt/MonomialSeparation.lean	213	1	1	0	10	0	0	0	0	0	0	not certified; see PROJECT_REVIEW.md for reviewed excerpts
SeveralComplexVariables/Reinhardt/PartialHull.lean	315	1	1	0	17	0	0	0	0	0	0	not certified; see PROJECT_REVIEW.md for reviewed excerpts
SeveralComplexVariables/RemovableSingularity.lean	168	1	1	0	6	0	0	0	0	0	0	not certified; see PROJECT_REVIEW.md for reviewed excerpts
SeveralComplexVariables/RemovableSingularity/Cauchy.lean	52	1	1	0	1	0	0	0	0	0	0	not certified; see PROJECT_REVIEW.md for reviewed excerpts
SeveralComplexVariables/RemovableSingularity/ExceptionalSet.lean	162	1	1	0	9	0	0	0	0	0	0	not certified; see PROJECT_REVIEW.md for reviewed excerpts
SeveralComplexVariables/RemovableSingularity/Geometry.lean	114	1	1	0	2	0	0	0	0	0	0	not certified; see PROJECT_REVIEW.md for reviewed excerpts
SeveralComplexVariables/RemovableSingularity/Gluing.lean	77	1	1	0	2	0	0	0	0	0	0	not certified; see PROJECT_REVIEW.md for reviewed excerpts
SeveralComplexVariables/RemovableSingularity/Local.lean	103	1	1	0	1	0	0	0	0	0	0	not certified; see PROJECT_REVIEW.md for reviewed excerpts
SeveralComplexVariables/Runge.lean	380	1	1	0	24	0	0	0	0	0	0	not certified; see PROJECT_REVIEW.md for reviewed excerpts
SeveralComplexVariables/Runge/Examples.lean	204	1	1	0	12	0	0	0	0	0	0	not certified; see PROJECT_REVIEW.md for reviewed excerpts
SeveralComplexVariables/SeparateAnalytic.lean	286	1	1	0	11	0	0	0	0	0	0	not certified; see PROJECT_REVIEW.md for reviewed excerpts
SeveralComplexVariables/SeparateAnalytic/Baire.lean	123	1	1	0	3	0	0	0	0	0	0	not certified; see PROJECT_REVIEW.md for reviewed excerpts
SeveralComplexVariables/SeparateAnalytic/FiberExtension.lean	259	1	1	0	9	0	0	0	0	0	0	not certified; see PROJECT_REVIEW.md for reviewed excerpts
SeveralComplexVariables/SeparateAnalytic/HartogsLemma.lean	141	1	1	0	4	0	0	0	0	0	0	not certified; see PROJECT_REVIEW.md for reviewed excerpts
SeveralComplexVariables/SeparateAnalytic/MeanValue.lean	137	1	1	0	3	0	0	0	0	0	0	not certified; see PROJECT_REVIEW.md for reviewed excerpts
SeveralComplexVariables/SphericalShell.lean	107	1	1	0	3	0	0	0	0	0	0	not certified; see PROJECT_REVIEW.md for reviewed excerpts
SeveralComplexVariables/TubeDomain.lean	175	1	1	0	5	0	0	0	0	0	0	not certified; see PROJECT_REVIEW.md for reviewed excerpts
SeveralComplexVariables/TubeDomain/Basic.lean	229	1	1	0	37	0	0	0	0	0	0	not certified; see PROJECT_REVIEW.md for reviewed excerpts
SeveralComplexVariables/TubeDomain/Bochner.lean	181	1	1	0	4	0	0	0	0	0	0	not certified; see PROJECT_REVIEW.md for reviewed excerpts
SeveralComplexVariables/TubeDomain/Disc.lean	412	1	1	0	40	0	0	0	0	0	0	not certified; see PROJECT_REVIEW.md for reviewed excerpts
SeveralComplexVariables/TubeDomain/Gluing.lean	154	1	1	0	3	0	0	0	0	0	0	not certified; see PROJECT_REVIEW.md for reviewed excerpts
SeveralComplexVariables/TubeDomain/StarConvex.lean	493	1	1	0	20	0	0	0	0	0	0	not certified; see PROJECT_REVIEW.md for reviewed excerpts
SeveralComplexVariables/WeierstrassDivision.lean	653	1	1	0	13	0	0	0	0	0	0	not certified; see PROJECT_REVIEW.md for reviewed excerpts
SeveralComplexVariables/WeierstrassDivision/Basic.lean	165	1	1	0	11	0	0	0	6	0	0	not certified; see PROJECT_REVIEW.md for reviewed excerpts
SeveralComplexVariables/WeierstrassDivision/CoordinatePower.lean	746	1	1	0	20	0	0	0	0	0	0	not certified; see PROJECT_REVIEW.md for reviewed excerpts
SeveralComplexVariables/WeierstrassDivision/Picard.lean	529	1	1	0	11	0	0	0	0	0	0	not certified; see PROJECT_REVIEW.md for reviewed excerpts
SeveralComplexVariables/WeierstrassPreparation.lean	312	1	1	0	15	0	0	0	5	0	0	not certified; see PROJECT_REVIEW.md for reviewed excerpts
SeveralComplexVariables/ZeroSets.lean	69	1	1	0	1	0	0	0	0	0	0	not certified; see PROJECT_REVIEW.md for reviewed excerpts
SeveralComplexVariables/ZeroSets/Basic.lean	104	1	1	0	4	0	0	0	0	0	0	not certified; see PROJECT_REVIEW.md for reviewed excerpts
SeveralComplexVariables/ZeroSets/Connected.lean	102	1	1	0	2	0	0	0	0	0	0	not certified; see PROJECT_REVIEW.md for reviewed excerpts
SeveralComplexVariables/ZeroSets/Local.lean	132	1	1	0	3	0	0	0	0	0	0	not certified; see PROJECT_REVIEW.md for reviewed excerpts
Solution.lean	208	0	1	0	31	0	0	0	0	0	0	not certified; see PROJECT_REVIEW.md for reviewed excerpts
Statement.lean	237	0	1	0	31	0	0	0	0	0	22	not certified; see PROJECT_REVIEW.md for reviewed excerpts
StdSimplexMeasure.lean	53	1	1	0	0	0	0	0	0	0	0	not certified; see PROJECT_REVIEW.md for reviewed excerpts
StdSimplexMeasure/Aggregation.lean	132	1	1	0	9	0	0	0	0	0	0	not certified; see PROJECT_REVIEW.md for reviewed excerpts
StdSimplexMeasure/Complex/DividedDifference.lean	99	1	1	0	7	0	0	0	0	0	0	not certified; see PROJECT_REVIEW.md for reviewed excerpts
StdSimplexMeasure/Complex/Integral.lean	178	1	1	0	12	0	0	0	0	0	0	not certified; see PROJECT_REVIEW.md for reviewed excerpts
StdSimplexMeasure/Complex/NewtonTaylor.lean	137	1	1	0	14	0	0	0	0	0	0	not certified; see PROJECT_REVIEW.md for reviewed excerpts
StdSimplexMeasure/Complex/RepeatedIntegral.lean	151	1	1	0	10	0	0	0	0	0	0	not certified; see PROJECT_REVIEW.md for reviewed excerpts
StdSimplexMeasure/CoordinateRealization.lean	145	1	1	0	8	0	0	0	0	0	0	not certified; see PROJECT_REVIEW.md for reviewed excerpts
StdSimplexMeasure/Coordinates.lean	538	1	1	0	40	1	0	1	0	0	0	not certified; see PROJECT_REVIEW.md for reviewed excerpts
StdSimplexMeasure/EuclideanCrossSection.lean	105	1	1	0	1	0	0	0	0	0	0	not certified; see PROJECT_REVIEW.md for reviewed excerpts
StdSimplexMeasure/FiniteDimensionalHyperplane.lean	169	1	1	0	8	0	0	0	0	0	0	not certified; see PROJECT_REVIEW.md for reviewed excerpts
StdSimplexMeasure/Integral.lean	15	1	1	0	0	0	0	0	0	0	0	not certified; see PROJECT_REVIEW.md for reviewed excerpts
StdSimplexMeasure/Integral/Aggregation.lean	116	1	1	0	1	0	0	0	0	0	0	not certified; see PROJECT_REVIEW.md for reviewed excerpts
StdSimplexMeasure/Integral/Basic.lean	155	1	1	0	7	0	0	0	0	0	0	not certified; see PROJECT_REVIEW.md for reviewed excerpts
StdSimplexMeasure/Integral/Interval.lean	63	1	1	0	2	0	0	0	0	0	0	not certified; see PROJECT_REVIEW.md for reviewed excerpts
StdSimplexMeasure/Integral/Monomial.lean	196	1	1	0	4	0	0	0	0	0	0	not certified; see PROJECT_REVIEW.md for reviewed excerpts
StdSimplexMeasure/Integral/Slicing.lean	652	1	1	0	16	0	0	0	0	0	0	not certified; see PROJECT_REVIEW.md for reviewed excerpts
StdSimplexMeasure/Interior.lean	130	1	1	0	9	0	0	0	0	0	0	not certified; see PROJECT_REVIEW.md for reviewed excerpts
StdSimplexMeasure/Intrinsic.lean	159	1	1	0	19	3	0	1	0	0	0	not certified; see PROJECT_REVIEW.md for reviewed excerpts
StdSimplexMeasure/IntrinsicMeasure.lean	80	1	1	0	8	1	0	1	0	0	0	not certified; see PROJECT_REVIEW.md for reviewed excerpts
StdSimplexMeasure/Measure.lean	13	1	1	0	0	0	0	0	0	0	0	not certified; see PROJECT_REVIEW.md for reviewed excerpts
StdSimplexMeasure/Measure/Aggregation.lean	431	1	1	0	9	0	0	0	0	0	0	not certified; see PROJECT_REVIEW.md for reviewed excerpts
StdSimplexMeasure/Measure/Basic.lean	475	1	1	0	26	2	0	0	0	0	0	not certified; see PROJECT_REVIEW.md for reviewed excerpts
StdSimplexMeasure/MomentDetermination.lean	155	1	1	1	6	0	0	0	0	0	0	not certified; see PROJECT_REVIEW.md for reviewed excerpts
StdSimplexMeasure/Normalization.lean	45	1	1	0	3	0	0	0	0	0	0	not certified; see PROJECT_REVIEW.md for reviewed excerpts
StdSimplexMeasure/PiSnoc.lean	90	1	1	0	5	0	0	0	0	0	0	not certified; see PROJECT_REVIEW.md for reviewed excerpts
StdSimplexMeasure/PositiveSimplex.lean	17	1	1	0	0	0	0	0	0	0	0	not certified; see PROJECT_REVIEW.md for reviewed excerpts
StdSimplexMeasure/PositiveSimplex/Aggregation.lean	563	1	1	0	14	0	0	0	0	0	0	not certified; see PROJECT_REVIEW.md for reviewed excerpts
StdSimplexMeasure/PositiveSimplex/Basic.lean	421	1	1	0	21	0	0	0	0	0	0	not certified; see PROJECT_REVIEW.md for reviewed excerpts
StdSimplexMeasure/PositiveSimplex/SumIntegral.lean	268	1	1	0	6	0	0	0	0	0	0	not certified; see PROJECT_REVIEW.md for reviewed excerpts
StdSimplexMeasure/ProdSlices.lean	195	1	1	0	9	0	2	0	0	0	0	not certified; see PROJECT_REVIEW.md for reviewed excerpts
StdSimplexMeasure/Radial.lean	127	1	1	0	5	0	0	0	0	0	0	not certified; see PROJECT_REVIEW.md for reviewed excerpts
StdSimplexMeasure/SimplexFTC.lean	230	1	1	0	8	0	0	0	0	0	0	not certified; see PROJECT_REVIEW.md for reviewed excerpts
StdSimplexMeasure/Smooth.lean	315	1	1	0	24	0	0	0	0	0	0	not certified; see PROJECT_REVIEW.md for reviewed excerpts
Topology.lean	23	1	1	0	0	0	0	0	0	0	0	not certified; see PROJECT_REVIEW.md for reviewed excerpts
Topology/CompactExhaustion.lean	47	1	1	0	1	0	0	0	0	0	0	not certified; see PROJECT_REVIEW.md for reviewed excerpts
Topology/Frontier.lean	101	1	1	0	4	0	0	0	0	0	0	not certified; see PROJECT_REVIEW.md for reviewed excerpts
Topology/Graph.lean	61	1	1	0	2	0	0	0	0	0	0	not certified; see PROJECT_REVIEW.md for reviewed excerpts
Topology/LocallyConstantGluing.lean	88	1	1	0	1	0	0	0	0	0	0	not certified; see PROJECT_REVIEW.md for reviewed excerpts
Topology/Path.lean	44	1	1	0	1	0	0	0	0	0	0	not certified; see PROJECT_REVIEW.md for reviewed excerpts
Topology/SeparateContinuous.lean	54	1	1	0	1	0	0	0	0	0	0	not certified; see PROJECT_REVIEW.md for reviewed excerpts
Topology/UpperSemicontinuous.lean	33	1	1	0	1	0	0	0	0	0	0	not certified; see PROJECT_REVIEW.md for reviewed excerpts
